ra_h,dec,mag,name
6.7525,-16.716,-1.44,Sirius
6.3992,-52.696,-0.62,Canopus
14.261,19.182,-0.05,Arcturus
14.6608,-60.834,-0.01,Rigil Kentaurus
18.6156,38.784,0.03,Vega
5.2782,45.998,0.08,Capella
5.2423,-8.202,0.18,Rigel
7.655,5.225,0.4,Procyon
1.6286,-57.237,0.45,Achernar
5.9195,7.407,0.45,Betelgeuse
14.0637,-60.373,0.61,Hadar
19.8464,8.868,0.76,Altair
12.4433,-63.099,0.77,Acrux
4.5987,16.509,0.87,Aldebaran
5.2779,46.001,0.96,
13.4199,-11.161,0.98,Spica
16.4901,-26.432,1.06,Antares
7.7553,28.026,1.16,Pollux
22.9608,-29.622,1.17,Fomalhaut
12.7954,-59.689,1.25,Mimosa
20.6905,45.28,1.25,Deneb
14.6603,-60.838,1.35,Toliman
10.1395,11.967,1.36,Regulus
6.9771,-28.972,1.5,Adhara
7.5766,31.888,1.58,Castor
12.5194,-57.113,1.59,Gacrux
17.5601,-37.104,1.62,Shaula
5.4189,6.35,1.64,Bellatrix
5.4382,28.607,1.65,Elnath
9.22,-69.717,1.67,Miaplacidus
5.6036,-1.202,1.69,Alnilam
22.1372,-46.961,1.73,Alnair
5.6793,-1.943,1.74,Alnitak
8.1589,-47.337,1.75,
12.9005,55.96,1.76,Alioth
3.4054,49.861,1.79,Mirfak
18.4029,-34.385,1.79,Kaus Australis
11.0622,61.751,1.81,Dubhe
7.1399,-26.393,1.83,Wezen
13.7924,49.313,1.85,Alkaid
8.3752,-59.509,1.86,Avior
17.622,-42.998,1.86,Sargas
5.9921,44.947,1.9,Menkalinan
16.8111,-69.028,1.91,Atria
6.6285,16.399,1.93,Alhena
8.7451,-54.709,1.93,Alsephina
20.4275,-56.735,1.94,Peacock
2.5297,89.264,1.97,Polaris
6.3783,-17.956,1.98,Mirzam
9.4598,-8.659,1.99,Alphard
2.1196,23.462,2.01,Hamal
10.3329,19.841,2.01,Algieba
0.7265,-17.987,2.04,Diphda
18.9211,-26.297,2.05,Nunki
14.1114,-36.37,2.06,Menkent
0.1398,29.09,2.07,Alpheratz
1.1622,35.621,2.07,Mirach
5.7959,-9.67,2.07,Saiph
14.8451,74.156,2.07,Kochab
22.7111,-46.885,2.07,Tiaki
17.5822,12.56,2.08,Rasalhague
3.1361,40.956,2.09,Algol
2.065,42.33,2.1,Almach
11.8177,14.572,2.14,Denebola
0.9451,60.717,2.15,Cih
12.692,-48.96,2.2,
8.0597,-40.003,2.21,Naos
9.2848,-59.275,2.21,Aspidiske
15.5781,26.715,2.22,Alphecca
9.1333,-43.433,2.23,Suhail
13.3987,54.925,2.23,Mizar
20.3705,40.257,2.23,Sadr
0.6751,56.537,2.24,Schedar
17.9434,51.489,2.24,Eltanin
5.5334,-0.299,2.25,Mintaka
0.1529,59.15,2.28,Caph
13.6648,-53.466,2.29,
16.0056,-22.622,2.29,Dschubba
16.8361,-34.293,2.29,Larawag
14.6988,-47.388,2.3,
14.5918,-42.158,2.33,
11.0307,56.382,2.34,Merak
14.7498,27.074,2.35,Izar
21.7364,9.875,2.38,Enif
17.7081,-39.03,2.39,
0.4381,-42.306,2.4,Ankaa
11.8972,53.695,2.41,Phecda
17.173,-15.725,2.43,Sabik
23.0629,28.083,2.44,Scheat
7.4016,-29.303,2.45,Aludra
21.3096,62.586,2.45,Alderamin
9.3686,-55.011,2.47,Markeb
20.7702,33.97,2.48,Aljanah
23.0793,15.205,2.49,Markab
3.038,4.09,2.54,Menkar
16.6193,-10.567,2.54,
13.9257,-47.288,2.55,
11.2351,20.524,2.56,Zosma
16.0906,-19.805,2.56,Acrab
5.5455,-17.822,2.58,Arneb
12.1393,-50.722,2.58,
12.2634,-17.542,2.58,Gienah
19.0435,-29.88,2.6,Ascella
15.2834,-9.383,2.61,Zubeneschamali
15.7378,6.426,2.63,Unukalhai
1.9107,20.808,2.64,Sheratan
5.6608,-34.074,2.65,Phact
5.9954,37.213,2.65,Mahasim
12.5731,-23.397,2.65,Kraz
1.4302,60.235,2.66,Ruchbah
13.9114,18.398,2.68,Muphrid
14.9755,-43.134,2.68,
4.9499,33.166,2.69,Hassaleh
10.7795,-49.42,2.69,
12.6197,-69.136,2.69,
17.5127,-37.296,2.7,Lesath
7.2857,-37.097,2.71,
18.3499,-29.828,2.72,Kaus Media
19.771,10.613,2.72,Tarazed
16.2391,-3.694,2.73,Yed Prior
16.3999,61.514,2.73,Athebyne
10.7159,-64.394,2.74,
12.6943,-1.449,2.74,Porrima
5.5906,-5.91,2.75,Hatysa
13.3433,-36.712,2.75,
14.848,-16.042,2.75,Zubenelgenubi
17.7245,4.567,2.76,Cebalrai
5.1308,-5.086,2.78,Cursa
16.5037,21.49,2.78,Kornephoros
17.2441,14.39,2.78,Rasalgethi
12.2524,-58.749,2.79,Imai
17.5072,52.301,2.79,Rastaban
15.5857,-41.167,2.8,
5.4708,-20.759,2.81,Nihal
16.6881,31.603,2.81,
0.4279,-77.254,2.82,
16.598,-28.216,2.82,Paikauhale
18.4662,-25.422,2.82,Kaus Borealis
0.2206,15.184,2.83,Algenib
8.1257,-24.304,2.83,Tureis
15.9191,-63.431,2.83,
3.9022,31.884,2.84,
17.4217,-55.53,2.84,
17.5307,-49.876,2.84,
3.7914,24.105,2.85,Alcyone
13.0363,10.959,2.85,Vindemiatrix
21.784,-16.127,2.85,Deneb Algedi
7.5768,31.891,2.85,Castor B
1.9795,-61.57,2.86,
19.7496,45.131,2.86,Fawaris
6.3827,22.514,2.87,Tejat
15.3152,-68.68,2.87,
22.3084,-60.26,2.87,
2.971,-40.305,2.88,Acamar
19.1627,-21.024,2.88,Albaldah
7.4525,8.289,2.89,Gomeisa
12.9338,38.318,2.89,Cor Caroli
15.9809,-26.114,2.89,Fang
3.9642,40.01,2.9,
16.3531,-25.593,2.9,Alniyat
21.526,-5.571,2.9,Sadalsuud
3.0799,53.506,2.91,
9.785,-65.072,2.92,
22.7167,30.221,2.93,Matar
6.8323,-50.615,2.94,
12.4977,-16.515,2.94,Algorab
22.0964,-0.32,2.95,Sadalmelik
3.9672,-13.509,2.97,Zaurak
5.6274,21.143,2.97,Tianguan
9.7642,23.774,2.97,Ras Elased Australis
18.0968,-30.424,2.98,Alnasl
13.3154,-23.172,2.99,
17.7931,-40.127,2.99,
19.0902,13.863,2.99,Okab
2.1591,34.987,3.0,
11.1611,44.498,3.0,
15.3455,71.834,3.0,Pherkad
16.8645,-38.047,3.0,Xamidimura
21.8988,-37.365,3.0,Aldhanab
3.7154,47.788,3.01,
6.3386,-30.063,3.02,Furud
7.0504,-23.833,3.02,
12.1687,-22.62,3.02,
5.0328,43.823,3.03,Almaaz
12.7713,-68.108,3.04,
14.5346,38.308,3.04,Seginus
19.512,27.96,3.05,Albireo
20.3502,-14.781,3.05,Dabih
6.7322,25.131,3.06,Mebsuta
10.3722,41.5,3.06,Tania Australis
19.2092,67.662,3.07,Altais
18.2938,-36.762,3.1,
8.9232,5.946,3.11,
10.8271,-16.194,3.11,
11.5964,-63.02,3.11,
20.6261,-47.292,3.11,
5.8493,-35.768,3.12,Wazn
8.9868,48.042,3.12,Talitha
16.977,-55.99,3.12,
17.2505,24.839,3.12,Sarin
14.986,-42.104,3.13,
9.3509,34.393,3.14,
9.5204,-57.034,3.16,
17.2508,36.809,3.16,
6.6294,-43.196,3.17,
9.5477,51.677,3.17,
17.1464,65.715,3.17,Aldhibah
18.7609,-26.991,3.17,
5.1086,41.234,3.18,Haedus
14.7085,-64.975,3.18,
4.8307,6.961,3.19,Tabit
5.091,-22.371,3.19,
16.9611,9.375,3.19,
17.831,-37.043,3.19,Fuyue
21.2156,30.227,3.21,
23.6558,77.632,3.21,Errai
15.3562,-40.648,3.22,
16.3054,-4.693,3.23,Yed Posterior
18.3552,-2.899,3.23,
21.4777,70.561,3.23,Alfirk
6.8032,-61.941,3.24,
20.1884,-0.821,3.24,
7.4872,-43.301,3.25,
14.1062,-26.682,3.25,
15.0678,-25.282,3.25,Brachium
18.9824,32.69,3.25,Sulafat
3.7873,-74.239,3.26,
0.6555,30.861,3.27,
17.3668,-25.0,3.27,
22.9108,-15.821,3.27,Skat
5.2155,-16.205,3.29,
10.229,-70.038,3.29,
15.4155,58.966,3.29,Edasich
4.5666,-55.045,3.3,
10.5337,-61.685,3.3,
6.248,22.507,3.31,Propus
17.4232,-56.378,3.31,
1.1014,-46.718,3.32,
3.0863,38.84,3.32,
12.2571,57.033,3.32,Megrez
17.2026,-43.239,3.32,
17.9838,-9.774,3.32,
19.1157,-27.67,3.32,
4.2404,-62.474,3.33,
11.2373,15.43,3.33,Chertan
7.8216,-24.86,3.34,Azmidi
1.9066,63.67,3.35,Segin
5.4079,-2.397,3.35,
6.7548,12.896,3.35,Alzirr
8.5044,60.718,3.35,Muscida
19.425,3.115,3.36,
15.378,-44.69,3.37,
8.7796,6.419,3.38,Ashlesha
13.5782,-0.596,3.38,Heze
5.5856,9.934,3.39,Meissa
10.2847,-61.332,3.39,
12.9267,3.397,3.39,Minelauva
22.1809,58.201,3.39,
4.4777,15.871,3.4,Chamukuy
17.1728,-15.727,3.4,
1.4728,-43.318,3.41,
4.0113,12.49,3.41,
13.8251,-41.688,3.41,
15.2048,-52.099,3.41,
20.7548,61.839,3.41,
22.691,10.831,3.41,Homam
1.8847,29.579,3.42,Mothallah
16.002,-38.397,3.42,
17.7743,27.721,3.42,
20.7493,-66.203,3.42,
9.1828,-58.967,3.43,
10.2782,23.417,3.43,Adhafera
19.1042,-4.883,3.43,
10.285,42.914,3.45,Tania Borealis
0.8183,57.815,3.46,Achird
1.1432,-10.182,3.46,
7.9463,-52.982,3.46,
15.2584,33.315,3.46,
2.7217,3.236,3.47,Kaffaljidhma
13.8269,-42.474,3.47,
10.1222,16.763,3.48,
16.7149,38.922,3.48,
1.7345,-15.937,3.49,
7.0287,-27.935,3.49,Nganurganity
11.308,33.094,3.49,Alula Borealis
15.0324,40.391,3.49,Nekkar
18.4496,-45.968,3.49,
22.8092,-51.317,3.49,
6.8307,-32.508,3.5,
7.3354,21.982,3.5,Wasat
22.828,66.2,3.5,
19.9793,19.492,3.51,
22.8334,24.602,3.51,Sadalbari
3.7208,-9.763,3.52,Rana
9.6858,9.892,3.52,Subra
9.9477,-54.568,3.52,
18.8347,33.363,3.52,Sheliak
18.9622,-21.107,3.52,
22.17,6.198,3.52,Biham
12.6942,-1.449,3.52,
4.4769,19.18,3.53,Ain
8.2753,9.186,3.53,Tarf
11.55,-31.858,3.54,
15.827,-3.43,3.54,
17.6264,-15.399,3.54,
4.2982,-33.798,3.55,
5.7826,-14.822,3.55,
14.3234,-46.058,3.55,
18.3507,72.733,3.55,
20.1452,-66.182,3.55,
0.3238,-8.824,3.56,
2.2752,-51.512,3.56,
11.3223,-14.779,3.56,
16.8723,-38.018,3.56,Pipirima
7.7408,24.398,3.57,
9.0604,47.157,3.57,Alkaphrah
14.5305,30.371,3.57,
15.3634,-36.261,3.57,
7.3015,16.54,3.58,
20.3009,-12.545,3.58,Algedi
1.6332,48.628,3.59,Nembus
5.2934,-6.844,3.59,
5.7411,-22.448,3.59,
11.8449,1.765,3.59,Zavijava
12.356,-60.401,3.59,Ginan
1.4004,-8.183,3.6,
6.8798,33.961,3.6,
8.6716,-52.922,3.6,
9.5117,-40.467,3.6,
15.6171,-28.135,3.6,
17.5183,-60.684,3.6,
2.8331,27.261,3.61,Bharani
3.4136,9.029,3.61,
10.1765,-12.354,3.61,
13.0378,-71.549,3.61,
17.7622,-64.724,3.61,
1.5247,15.346,3.62,Alpherg
3.8194,24.053,3.62,Atlas
7.7542,-37.969,3.62,
16.9097,-42.361,3.62,
23.032,42.326,3.62,
11.7601,-66.729,3.63,
20.6258,14.595,3.64,Rotanev
4.3299,15.628,3.65,Prima Hyadum
9.5255,63.062,3.65,
15.7698,15.422,3.65,
18.1105,-50.091,3.65,
22.4805,-0.02,3.65,
15.4638,29.106,3.66,Nusakan
15.6443,-29.778,3.66,
14.0732,64.376,3.67,Thuban
20.9135,-58.454,3.67,
4.8534,5.605,3.68,
8.7265,-33.186,3.68,
19.7898,18.534,3.68,
23.1574,-21.172,3.68,
0.6162,53.897,3.69,Fulu
1.9326,-51.609,3.69,
5.0413,41.076,3.69,Saclateni
9.7541,-62.508,3.69,
11.7675,47.779,3.69,Taiyangshou
21.6682,-16.662,3.69,Nashira
3.3253,-21.758,3.7,
17.9627,29.248,3.7,
23.2861,3.282,3.7,
4.9042,2.441,3.71,
5.9401,-14.168,3.71,
7.8703,-40.576,3.71,
15.8469,4.478,3.71,
18.1225,9.564,3.71,
19.9219,6.407,3.71,Alshain
3.5488,-9.458,3.72,Ran
3.7479,24.113,3.72,Electra
5.9921,54.285,3.72,
21.0822,43.928,3.72,
3.4528,9.733,3.73,
14.7708,1.893,3.73,
17.8921,56.873,3.73,Grumium
21.6913,-77.39,3.73,
22.8769,-7.58,3.73,
1.8577,-10.335,3.74,Baten Kaitos
16.3653,19.153,3.74,
21.2465,38.045,3.74,
9.0692,-47.098,3.75,
17.7982,2.707,3.75,
5.5604,-62.49,3.76,
5.8554,-20.879,3.76,
6.4803,-7.033,3.76,
19.0781,-21.741,3.76,
19.4951,51.73,3.76,
22.5215,50.282,3.76,
2.8449,55.895,3.77,Miram
3.7532,42.579,3.77,
4.3822,17.543,3.77,Secunda Hyadum
5.6458,-2.6,3.77,
8.429,-66.137,3.77,
8.6771,-46.649,3.77,
16.8298,-59.041,3.77,
20.6606,15.912,3.77,Sualocin
21.4445,-22.411,3.77,
22.1168,25.345,3.77,
7.1458,-70.499,3.78,
7.4288,27.798,3.78,
9.8499,59.039,3.78,
10.8916,-58.853,3.78,
14.6858,13.728,3.78,
20.7946,-9.496,3.78,Albali
3.1583,44.858,3.79,Misam
10.8885,34.215,3.79,Praecipua
3.2012,-28.988,3.8,Dalim
7.6472,-26.804,3.8,
15.58,10.539,3.8,
19.285,53.368,3.8,
20.2272,46.741,3.8,
4.5925,-30.562,3.81,Theemin
10.4646,-58.739,3.81,
15.7124,26.296,3.81,
23.6261,46.458,3.81,
2.0341,2.764,3.82,Alrescha
9.3141,36.803,3.82,
11.5234,69.331,3.82,Giausar
16.5152,1.984,3.82,Marfik
17.6577,46.006,3.82,
10.4348,-16.836,3.83,
13.9712,-42.101,3.83,
14.7977,-79.045,3.83,
3.7366,-64.807,3.84,
3.7386,32.288,3.84,Atik
4.4762,15.962,3.84,
8.9175,-60.645,3.84,
10.5469,9.307,3.84,
10.6217,-48.226,3.84,
12.5411,-72.133,3.84,
18.1257,28.762,3.84,
18.2294,-21.059,3.84,Polis
19.8028,70.268,3.84,
4.2334,-42.294,3.85,
5.7881,-51.067,3.85,
6.3686,-33.436,3.85,
10.2456,-42.122,3.85,
12.5581,69.788,3.85,
12.6284,-48.541,3.85,
15.9409,15.662,3.85,
18.395,21.77,3.85,
18.5868,-8.244,3.85,
0.9459,38.499,3.86,
4.6363,-14.304,3.86,Sceptrum
5.5202,-35.471,3.86,
16.2573,-63.686,3.86,
16.5576,-78.897,3.86,
17.9376,37.251,3.86,
22.3609,-1.387,3.86,Sadachbia
3.7638,24.368,3.87,Maia
8.7671,-46.042,3.87,
13.978,-44.804,3.87,
14.7177,-5.658,3.87,
15.9481,-29.214,3.87,Iklil
19.8745,1.006,3.87,
0.1568,-45.747,3.88,
1.8922,19.294,3.88,Mesarthim
9.8794,26.007,3.88,Rasalas
15.1989,-48.738,3.88,
23.1726,-45.247,3.88,
2.9405,-8.898,3.89,Azha
6.9022,-24.184,3.89,
9.2394,2.314,3.89,
12.3318,-0.667,3.89,Zaniah
19.9384,35.083,3.89,
9.6643,-1.143,3.9,Ukdah
11.3501,-54.491,3.9,
13.5174,-39.407,3.9,
4.0526,5.989,3.91,
8.4277,-3.906,3.91,
12.4673,-50.231,3.91,
15.0853,-47.051,3.91,
15.5921,-14.79,3.91,Zubenelhakrabi
16.329,46.313,3.91,
17.0048,30.926,3.92,
19.3612,-17.847,3.92,
21.2637,5.248,3.92,Kitalpha
0.4367,-43.68,3.93,
1.5209,-49.073,3.93,
2.9043,52.762,3.93,
4.6053,-3.352,3.93,
7.697,-72.606,3.93,
11.1432,-58.975,3.93,
16.1135,-20.669,3.93,
18.0108,2.932,3.93,
1.1397,-55.246,3.94,Wurren
7.6875,-9.551,3.94,
7.7301,-28.955,3.94,
8.7447,18.154,3.94,Asellus Australis
20.9529,41.167,3.94,
2.0573,72.421,3.95,
6.6114,-19.256,3.95,
13.399,54.92,3.95,
4.1444,47.713,3.96,
5.9858,-42.815,3.96,
9.0107,41.783,3.96,
9.188,-62.317,3.96,
19.3773,-44.459,3.96,Arkab Prior
19.3981,-40.616,3.96,Rukbat
20.2579,47.714,3.96,
23.3828,-20.101,3.96,
4.4006,-34.017,3.97,Beemim
5.8582,39.148,3.97,
7.2805,-67.957,3.97,
8.6684,-35.308,3.97,
12.1942,-52.368,3.97,
15.8493,-33.627,3.97,
20.0098,-72.911,3.97,
22.4878,-43.496,3.97,
22.7755,23.566,3.97,
3.9827,35.791,3.98,Menkib
21.5663,45.592,3.98,
2.0001,-21.078,3.99,
6.2476,-6.275,3.99,
10.4066,-74.032,3.99,
13.4204,54.988,3.99,Alcor
23.2905,-58.236,3.99,
9.0408,-66.396,4.0,
11.3987,10.53,4.0,
16.1999,-19.461,4.0,Jabbah
1.7277,50.689,4.01,
4.7584,-3.255,4.01,
7.0685,20.57,4.01,Mekbuda
7.2468,-26.773,4.01,
14.6993,-37.793,4.01,
16.0315,58.565,4.01,
16.3307,-50.156,4.01,
18.7173,-71.428,4.01,
20.4899,30.369,4.01,
8.8422,-27.71,4.02,
12.1402,-24.729,4.02,Alchiba
18.9937,15.068,4.02,
19.028,-5.739,4.02,
2.2886,33.847,4.03,
5.057,60.442,4.03,
8.7783,28.76,4.03,
12.9099,-57.178,4.03,
18.0909,2.5,4.03,
20.5535,11.303,4.03,Aldulfin
23.9885,6.863,4.03,
4.1978,-6.838,4.04,Beid
11.7643,6.529,4.04,
14.42,51.851,4.04,
22.5893,-0.117,4.04,
3.151,49.613,4.05,
8.3087,-76.92,4.05,
8.74,-42.649,4.05,
11.3523,6.029,4.05,
13.8246,15.798,4.05,
14.3426,-37.885,4.05,
14.6315,-49.426,4.05,
22.8265,-13.593,4.05,
4.9395,13.514,4.06,
7.5987,26.896,4.06,
11.4147,-17.684,4.06,
12.2929,-67.961,4.06,
12.3073,-64.003,4.06,
14.7276,-35.174,4.06,
16.9931,-53.16,4.06,
14.2669,-6.001,4.07,Syrma
15.1474,-45.28,4.07,
15.2919,-58.801,4.07,
22.4862,58.415,4.07,
0.789,24.267,4.08,
2.3625,-68.659,4.08,
2.658,0.329,4.08,
3.0399,-23.624,4.08,
6.9032,-12.039,4.08,
9.5741,-59.23,4.08,
10.9962,-18.299,4.08,Alkes
18.9222,43.946,4.08,
21.0991,-17.233,4.08,
21.3681,19.805,4.08,
5.6151,9.291,4.09,
15.8123,18.142,4.09,Gudja
1.6133,41.405,4.1,Titawin
2.7366,49.228,4.1,
7.8206,-46.373,4.1,
18.4805,-49.071,4.1,
19.1672,-39.341,4.1,
2.6778,-39.855,4.11,
7.0626,-15.633,4.11,Muliphein
8.6274,-42.989,4.11,
9.858,-14.847,4.11,Zhang
10.5912,-78.608,4.11,
11.7752,-61.178,4.11,
15.612,-66.317,4.11,
19.1579,-37.904,4.11,Meridiana
23.0147,-52.754,4.11,
2.6598,-68.267,4.12,
4.2483,48.409,4.12,
6.0397,9.647,4.12,
12.0868,8.733,4.12,
19.921,-41.868,4.12,
20.8637,-26.919,4.12,
22.496,-43.749,4.12,
5.3991,-7.808,4.13,
6.4827,20.212,4.13,
15.8971,-16.729,4.13,
20.7683,-25.271,4.13,
22.7677,-81.382,4.13,
23.6658,5.626,4.13,
3.5145,12.937,4.14,
3.7721,23.948,4.14,Merope
8.6276,5.704,4.14,
12.1147,-64.614,4.14,
15.5488,31.359,4.14,
15.9598,26.878,4.14,
21.7441,25.645,4.14,
22.2662,37.749,4.14,
7.1977,-0.493,4.15,
17.3947,37.146,4.15,
23.6735,44.334,4.15,
6.0687,23.263,4.16,
7.4852,31.785,4.16,
17.4395,-24.175,4.16,
0.55,62.932,4.17,
3.8242,-36.2,4.17,
22.2806,-7.783,4.17,Ancha
14.2149,-10.274,4.18,Kang
14.2731,46.088,4.18,Xuange
16.6062,-35.255,4.18,
22.2505,57.044,4.18,
22.6776,-27.044,4.18,
13.8241,-34.451,4.19,
18.761,20.546,4.19,
5.5131,5.948,4.2,
7.9477,-22.88,4.2,
10.4647,36.707,4.2,
16.5684,42.437,4.2,
22.7782,12.173,4.2,
22.9325,-32.54,4.2,
3.4845,59.94,4.21,
4.4228,22.294,4.21,
16.7662,82.037,4.21,
20.493,62.994,4.21,
21.4407,-65.366,4.21,
2.8431,38.319,4.22,
3.7808,-23.25,4.22,
7.8884,-48.103,4.22,
16.1099,-36.802,4.22,
16.4504,-18.456,4.22,
18.346,71.338,4.22,
18.7862,-4.748,4.22,
18.8703,-62.188,4.22,
18.9084,36.899,4.22,
20.761,30.72,4.22,
21.2903,39.395,4.22,
23.2387,-6.049,4.22,
0.3341,-64.875,4.23,
7.7219,28.884,4.23,
13.1979,27.878,4.23,
13.7615,-33.044,4.23,
14.0274,1.545,4.23,
16.1462,44.935,4.23,
16.7181,-77.517,4.23,
19.107,-37.063,4.23,
21.7251,58.78,4.23,
21.7799,49.31,4.23,
1.1456,86.257,4.24,
2.4498,-47.704,4.24,
2.7354,-13.859,4.24,
12.3058,-79.312,4.24,
12.5624,41.357,4.24,Chara
16.523,-34.704,4.24,
17.6902,-12.875,4.24,
23.2649,-9.088,4.24,
1.2627,-68.876,4.25,
4.1097,50.351,4.25,
4.5942,10.161,4.25,
4.6115,41.265,4.25,
5.1524,-8.754,4.25,
8.3806,43.188,4.25,Alsciaukat
12.8906,-40.179,4.25,
14.4588,75.696,4.25,
21.7575,61.121,4.25,
1.1584,47.242,4.26,
1.7566,9.158,4.26,Torcular
3.3319,-43.07,4.26,82 G. Eri
3.5631,-21.633,4.26,
4.2671,-51.487,4.26,
4.9008,66.343,4.26,
8.9748,11.858,4.26,Acubens
17.6091,-38.635,4.26,
18.0251,21.596,4.26,
22.0631,64.628,4.26,Kurhah
1.0491,7.89,4.27,
2.749,10.114,4.27,
4.2589,8.892,4.27,
4.636,12.511,4.27,
4.7041,22.957,4.27,
13.1152,-49.906,4.27,
15.3089,-47.875,4.27,
19.387,-44.8,4.27,Arkab Posterior
20.7776,16.124,4.27,
23.4661,6.379,4.27,
4.4385,22.814,4.28,
9.6182,81.326,4.28,
10.4525,-31.068,4.28,
17.4559,-29.867,4.28,
20.2233,56.568,4.28,
21.3708,-16.835,4.28,
22.1665,33.178,4.28,
23.1147,-43.52,4.28,
3.6146,0.402,4.29,
5.3263,-13.177,4.29,
10.6551,-55.603,4.29,
11.8818,-33.908,4.29,
15.7343,77.794,4.29,
16.519,-16.613,4.29,
22.1073,-13.87,4.29,
22.5251,-32.346,4.29,
23.6356,43.268,4.29,
0.9768,-29.357,4.3,
2.4693,8.46,4.3,
3.7535,24.467,4.3,Taygeta
3.81,-37.62,4.3,
4.4248,17.928,4.3,
5.9989,45.937,4.3,
8.7204,3.399,4.3,
10.9269,24.75,4.3,
11.6158,-0.824,4.3,
11.8281,-63.788,4.3,
12.5345,-16.196,4.3,
14.3388,-56.386,4.3,
20.2941,-12.508,4.3,
8.677,-59.761,4.31,
14.4488,-83.668,4.31,
15.4082,37.377,4.31,Alkalurops
16.1234,-20.869,4.31,
20.639,-1.105,4.31,
3.6082,48.193,4.32,
4.674,-19.671,4.32,
5.5369,18.594,4.32,
6.2563,29.498,4.32,
8.7729,-13.548,4.32,
9.5287,22.968,4.32,Alterf
12.0504,-63.313,4.32,
13.1665,17.529,4.32,Diadem
13.8638,-32.994,4.32,
14.8606,-43.575,4.32,
17.3471,-12.847,4.32,
7.4694,8.926,4.33,
12.8853,-48.943,4.33,
14.4363,-45.379,4.33,
17.2558,-26.603,4.33,Guniibuu
18.143,-63.669,4.33,
18.331,36.065,4.33,
11.3031,31.529,4.33,Alula Australis
0.6147,33.719,4.34,
0.6426,29.312,4.34,
1.185,55.15,4.34,
5.7462,-65.736,4.34,
6.5309,-23.418,4.34,
8.3441,-77.484,4.34,
9.27,-57.541,4.34,
9.6138,-49.355,4.34,
14.0287,-45.603,4.34,
15.6342,-42.567,4.34,
17.4419,4.14,4.34,
18.7462,37.605,4.34,
18.7837,18.182,4.34,
21.7419,17.35,4.34,
22.4922,47.707,4.34,
3.1938,19.727,4.35,Botein
4.8435,8.9,4.35,
6.5829,-52.976,4.35,
6.9546,58.423,4.35,
8.1322,-68.617,4.35,
8.8072,5.838,4.35,
12.449,28.268,4.35,
15.2972,-30.149,4.35,
17.5369,86.586,4.35,Yildun
18.3871,-61.494,4.35,
19.2728,38.134,4.35,
21.7491,-33.026,4.35,
0.5257,-62.958,4.36,
0.7226,-57.463,4.36,
2.2167,8.847,4.36,
3.5096,47.995,4.36,
4.0783,22.082,4.36,
4.8816,-5.453,4.36,
5.2205,-12.941,4.36,
5.9589,-35.283,4.36,
6.9356,-17.054,4.36,
8.1432,-2.984,4.36,
14.1008,-41.18,4.36,
19.612,-1.287,4.36,
0.0327,-6.014,4.37,
6.2759,-35.141,4.37,
7.3118,-24.954,4.37,
11.0026,-42.226,4.37,
18.146,20.815,4.37,
19.9956,-35.276,4.37,
13.1658,-5.539,4.38,
20.1481,77.711,4.38,
23.4341,-20.642,4.38,
23.5495,-37.818,4.38,
1.8941,-46.303,4.39,
3.8254,65.526,4.39,
5.5803,9.49,4.39,
5.9064,20.276,4.39,
6.3961,4.593,4.39,
8.0378,2.335,4.39,
10.1317,9.998,4.39,
15.0483,2.091,4.39,
16.9001,10.165,4.39,
17.3501,-21.113,4.39,
19.6683,18.014,4.39,Sham
19.6841,17.476,4.39,
21.3311,-53.449,4.39,
0.9534,23.418,4.4,
7.8014,-25.937,4.4,
8.1505,-19.245,4.4,
18.9492,-67.233,4.4,
21.9653,-54.993,4.4,
6.8309,-53.622,4.41,
7.1857,30.245,4.41,
14.384,-39.512,4.41,
17.5123,26.111,4.41,Maasym
17.975,30.189,4.41,
21.2986,34.897,4.41,
23.1316,75.387,4.41,
23.2984,-9.183,4.41,
23.3137,-32.532,4.41,
6.1262,14.768,4.42,
6.6315,-18.237,4.42,
7.2256,-44.64,4.42,
7.2376,-26.353,4.42,
8.2341,-40.348,4.42,
11.0388,20.18,4.42,
14.8381,-27.96,4.42,
15.7741,7.353,4.42,
18.0292,1.305,4.42,
22.3927,52.229,4.42,
23.423,23.404,4.42,Alkarab
3.769,-12.102,4.43,
4.2545,-7.653,4.43,Keid
4.9548,53.752,4.43,
19.2293,39.146,4.43,Aladfar
20.0443,-27.71,4.43,
20.3977,32.19,4.43,
20.7243,15.075,4.43,
20.7956,-5.028,4.43,
0.244,-18.933,4.44,
0.8114,7.585,4.44,
4.2747,-59.302,4.44,
4.676,-41.864,4.44,
6.3271,59.011,4.44,
7.5676,-22.296,4.44,
8.1893,-39.619,4.44,
8.3093,-36.659,4.44,
14.5436,-50.457,4.44,
19.4784,24.665,4.44,Anser
1.6905,5.488,4.45,
2.8182,-32.406,4.45,
5.205,-11.869,4.45,
6.199,14.209,4.45,
8.646,3.341,4.45,Minchir
9.0015,-41.254,4.45,
10.5931,-57.558,4.45,
10.7631,-80.54,4.45,
11.2777,-3.652,4.45,
16.5356,-21.466,4.45,
19.2592,73.355,4.45,
19.5682,7.379,4.45,
2.4844,67.402,4.46,
3.9049,-2.955,4.46,
5.2215,2.861,4.46,
9.1479,51.605,4.46,
11.1943,-22.826,4.46,
12.1348,-50.661,4.46,
16.4531,-47.555,4.46,
22.8754,-32.876,4.46,
2.7517,-18.573,4.47,
3.339,29.048,4.47,
4.9758,1.714,4.47,
6.4695,-32.58,4.47,
6.5484,7.333,4.47,
7.9707,-49.245,4.47,
9.0858,-72.603,4.47,
9.4109,26.182,4.47,
9.5804,52.051,4.47,
11.8524,-45.173,4.47,
14.578,29.745,4.47,
14.9531,-4.346,4.47,
21.2413,10.007,4.47,
22.1019,-39.543,4.47,
0.7454,48.284,4.48,
4.0149,-62.159,4.48,
4.4391,15.618,4.48,
6.7977,2.412,4.48,
10.1323,-0.372,4.48,
15.3896,-59.321,4.48,
16.4017,-20.037,4.48,
23.0646,3.82,4.48,Fumalsamakah
23.1113,-23.743,4.48,
2.0326,70.907,4.49,
4.5585,-29.766,4.49,
6.7331,13.228,4.49,
7.2093,-46.759,4.49,
7.8774,-38.863,4.49,
10.1238,35.245,4.49,
14.6788,16.418,4.49,
19.6074,50.221,4.49,
21.1188,-25.006,4.49,
21.7357,28.743,4.49,
23.7008,1.78,4.49,
23.712,-14.545,4.49,
23.9986,-65.577,4.49,
5.6531,4.121,4.5,
5.8305,-56.167,4.5,
8.7785,-56.77,4.5,
10.3486,-56.043,4.5,
11.7998,20.219,4.5,
13.7877,17.457,4.5,
20.2628,27.814,4.5,
21.1599,-11.372,4.5,
21.4787,-21.807,4.5,
22.1397,-32.988,4.5,
22.2313,39.715,4.5,
22.6752,44.276,4.5,
0.3055,36.785,4.51,
1.1943,30.09,4.51,
5.8196,39.181,4.51,
9.4874,-35.951,4.51,
9.6558,-61.328,4.51,
15.6925,19.67,4.51,
20.047,67.874,4.51,
20.734,-51.921,4.51,
21.618,-19.466,4.51,
22.4555,-64.966,4.51,
23.9064,57.499,4.51,
2.7985,29.247,4.52,Lilii Borea
13.3772,-60.988,4.52,
13.4001,-64.536,4.52,
14.3185,-13.371,4.52,Khambalia
15.0741,26.948,4.52,
18.1872,-45.954,4.52,
19.3621,-15.955,4.52,
20.7559,57.58,4.52,
21.4991,23.639,4.52,
22.5081,43.123,4.52,
0.5259,-62.966,4.53,
0.8302,41.079,4.53,
6.0009,-3.074,4.53,
7.6228,-34.969,4.53,
14.2247,51.79,4.53,
17.4439,-5.087,4.53,
17.7927,-27.831,4.53,
20.7901,36.491,4.53,
23.2092,49.406,4.53,
5.3029,33.372,4.54,
6.5843,-22.965,4.54,
9.533,-1.185,4.54,
9.5704,36.398,4.54,
9.5747,69.83,4.54,
14.8565,19.1,4.54,
15.2037,-19.792,4.54,
15.3859,-36.858,4.54,
19.9491,-27.17,4.54,
23.1167,9.409,4.54,
23.4859,12.761,4.54,
0.0623,-17.336,4.55,
3.4985,58.879,4.55,
5.0734,-35.483,4.55,
7.0011,76.977,4.55,
7.4966,12.007,4.55,
9.8684,54.064,4.55,
15.5981,-44.958,4.55,
16.3439,-24.169,4.55,
18.1347,-28.457,4.55,
21.6987,71.311,4.55,
22.3504,46.537,4.55,
22.4086,49.476,4.55,
2.8586,35.06,4.56,
3.9791,-61.4,4.56,
5.8888,27.612,4.56,
9.1088,38.452,4.56,
11.2534,23.096,4.56,
14.4356,-45.221,4.56,
17.5943,-46.506,4.56,
20.8688,27.097,4.56,
21.11,47.648,4.56,
3.6182,-40.275,4.57,
16.4236,14.033,4.57,Cujam
16.4264,-23.447,4.57,
17.699,72.149,4.57,Dziban
18.9125,22.645,4.57,
19.1392,-40.497,4.57,
19.891,24.08,4.57,
5.5898,-4.838,4.58,
9.8613,-46.548,4.58,
10.7256,-60.567,4.58,
13.2049,-59.921,4.58,
13.8572,64.723,4.58,
16.2051,-27.926,4.58,
17.6308,-8.119,4.58,
23.344,23.74,4.58,Salm
0.6888,-46.085,4.59,
3.7139,-37.314,4.59,
3.8393,71.332,4.59,
5.4473,3.096,4.59,
8.6702,64.328,4.59,
9.4858,-2.769,4.59,
10.3269,-55.029,4.59,
11.21,-60.318,4.59,
15.8266,26.068,4.59,
15.8935,-25.327,4.59,
18.7397,39.613,4.59,
19.6118,-24.884,4.59,
23.8154,-28.13,4.59,
4.3041,50.296,4.6,
10.0854,-13.065,4.6,
10.9453,-37.138,4.6,
14.754,16.964,4.6,
15.4223,-38.734,4.6,
15.8779,42.452,4.6,
19.3445,65.715,4.6,
0.0889,-5.708,4.61,
0.2849,38.682,4.61,
1.8926,3.188,4.61,
3.1882,39.612,4.61,
7.4452,49.212,4.61,
7.9978,-18.399,4.61,
15.5696,-10.065,4.61,
20.5651,35.251,4.61,
0.9444,59.181,4.62,Castula
3.9987,-24.016,4.62,
5.0516,21.59,4.62,
5.5322,-7.302,4.62,
9.1341,-25.859,4.62,
11.0836,7.336,4.62,
11.109,-62.424,4.62,
11.5794,-54.264,4.62,
12.773,-56.489,4.62,
12.9109,-59.147,4.62,
16.4634,-8.372,4.62,
18.0081,-3.69,4.62,
18.5584,-42.313,4.62,
18.937,4.204,4.62,Alya
2.9869,21.34,4.63,
7.7257,-28.411,4.63,
7.8843,-49.613,4.63,
8.7279,-7.234,4.63,
9.2625,-37.413,4.63,
12.6646,-39.987,4.63,
13.679,54.682,4.63,
14.9597,65.932,4.63,
15.8497,-25.751,4.63,
16.0589,-57.775,4.63,
18.5229,-62.278,4.63,
18.8533,59.388,4.63,
23.9626,25.141,4.63,
3.8952,-24.612,4.64,
4.9149,10.151,4.64,
6.0653,20.138,4.64,
13.7776,-51.433,4.64,
15.6563,36.636,4.64,
15.6865,-44.661,4.64,
16.8306,-10.783,4.64,
17.2945,37.291,4.64,
18.1218,8.734,4.64,
19.442,0.339,4.64,
20.5885,14.674,4.64,
22.6229,51.545,4.64,
23.0697,50.052,4.64,
2.7242,27.707,4.65,
4.5641,14.844,4.65,
5.0762,15.404,4.65,
5.9017,-63.09,4.65,
7.3051,-36.734,4.65,
7.5118,-30.962,4.65,
7.5897,-28.369,4.65,
10.4568,-57.639,4.65,
12.0146,6.614,4.65,
16.0536,-49.23,4.65,
9.5118,-40.466,4.65,
1.1909,21.035,4.66,
1.8264,-10.686,4.66,
6.683,9.896,4.66,
6.9271,-20.136,4.66,
7.2764,-27.881,4.66,
8.7214,21.469,4.66,Asellus Borealis
9.094,-70.538,4.66,
10.8996,43.19,4.66,
12.6541,-7.996,4.66,
12.7099,-48.813,4.66,
15.6628,-34.412,4.66,
18.0837,-29.58,4.66,
18.3009,-27.043,4.66,
18.3943,-8.934,4.66,
20.0183,27.754,4.66,
1.2292,24.584,4.67,
3.4895,49.509,4.67,
4.2481,40.484,4.67,
4.6546,15.918,4.67,
6.1026,-14.935,4.67,
8.2035,17.648,4.67,Tegmine
9.1819,63.514,4.67,
18.0009,16.751,4.67,
18.4866,-14.566,4.67,
18.739,39.67,4.67,
19.5391,69.661,4.67,Alsafi
21.0215,-32.258,4.67,
1.5655,59.232,4.68,
1.9156,-67.647,4.68,
2.0748,-29.297,4.68,
2.9794,39.663,4.68,
8.9387,-52.723,4.68,
9.6409,4.649,4.68,
10.0036,8.044,4.68,
10.6453,31.976,4.68,
13.5327,-6.256,4.68,
13.5742,49.016,4.68,
16.3391,-78.696,4.68,
19.6563,30.153,4.68,
21.6292,-7.854,4.68,Bunda
22.7265,-18.83,4.68,
4.4434,14.714,4.69,
5.319,40.099,4.69,
7.6383,-25.365,4.69,
7.8056,-47.078,4.69,
8.0204,-1.393,4.69,
10.6458,-59.183,4.69,
12.7606,-60.981,4.69,
21.7016,51.19,4.69,Azelfafage
22.0555,-56.786,4.69,
23.5846,-42.615,4.69,
5.3408,-21.24,4.7,
11.6114,-9.802,4.7,
11.6702,-34.745,4.7,
16.8999,-42.362,4.7,
18.7046,-9.053,4.7,
19.9307,-26.3,4.7,Terebellum
21.1724,10.132,4.7,
22.9068,84.346,4.7,
23.5546,-20.915,4.7,
2.9952,8.907,4.71,
3.4896,-62.938,4.71,
4.8755,14.251,4.71,
5.0919,-57.473,4.71,
5.4955,-1.092,4.71,
5.5455,32.192,4.71,
9.3582,-25.965,4.71,
9.3867,-28.834,4.71,
11.746,-18.351,4.71,
13.1046,-48.463,4.71,
13.9608,-63.687,4.71,
19.9041,8.461,4.71,Libertas
21.299,-32.173,4.71,
23.1652,-22.458,4.71,
1.4322,68.13,4.72,
5.3627,-0.382,4.72,
5.8507,37.306,4.72,
6.1716,-54.969,4.72,
8.1879,-12.927,4.72,
9.4551,-22.344,4.72,
10.4319,33.796,4.72,
10.5056,-71.993,4.72,
10.5539,40.426,4.72,
12.072,-63.166,4.72,
12.3453,17.793,4.72,
13.2924,40.573,4.72,
16.0466,46.037,4.72,
17.2769,-0.445,4.72,
21.711,-18.866,4.72,
2.4271,50.279,4.73,
6.9107,13.178,4.73,
8.1905,-42.987,4.73,
11.0305,-2.485,4.73,
16.1082,-45.173,4.73,
16.1495,36.491,4.73,
20.8776,-8.983,4.73,
0.5295,54.522,4.74,
1.3244,27.264,4.74,
2.5348,-15.245,4.74,
2.6633,-42.892,4.74,
3.3331,65.652,4.74,
3.5103,-5.075,4.74,
8.1502,-61.302,4.74,
8.687,-47.317,4.74,
9.0424,67.63,4.74,
13.3068,-18.311,4.74,
14.1652,-53.439,4.74,
15.8544,20.978,4.74,
17.9965,-23.816,4.74,
19.0519,-42.095,4.74,
19.5295,34.453,4.74,
20.9971,47.521,4.74,
22.0552,-2.155,4.74,
23.6308,-45.492,4.74,
7.2439,-48.272,4.75,
11.804,-66.815,4.75,
13.8868,-31.928,4.75,
14.2694,51.367,4.75,
15.6991,-19.679,4.75,
15.7114,-34.71,4.75,
20.593,-60.582,4.75,
23.3104,68.111,4.75,
0.5236,-48.804,4.76,
2.8413,-75.067,4.76,
2.8506,-21.004,4.76,Angetenar
5.874,1.855,4.76,
6.3141,69.32,4.76,
7.9611,-30.335,4.76,
9.6881,-23.592,4.76,
10.7039,-64.466,4.76,
11.3189,38.186,4.76,
12.4004,51.562,4.76,
12.9821,17.409,4.76,
13.4575,-15.974,4.76,
13.8632,34.444,4.76,
14.377,-58.459,4.76,
17.3665,-67.771,4.76,
17.6733,-49.416,4.76,
19.2703,21.39,4.76,
21.632,62.082,4.76,
23.1185,25.468,4.76,
0.7365,-10.61,4.77,
3.0923,56.706,4.77,
5.6481,-7.213,4.77,
6.7888,8.037,4.77,
9.3296,-11.975,4.77,
11.5052,-3.004,4.77,
12.9059,-9.539,4.77,
17.6159,68.758,4.77,
18.0514,-8.18,4.77,
18.5429,57.046,4.77,
20.0593,-37.941,4.77,
20.2964,38.033,4.77,
20.3444,-12.759,4.77,Alshat
20.481,-17.814,4.77,
22.7914,83.154,4.77,
0.0266,-77.066,4.78,
0.8835,-1.144,4.78,
2.1415,37.859,4.78,
3.7673,63.345,4.78,
4.5093,16.194,4.78,
4.9988,-12.537,4.78,
5.5841,-6.002,4.78,
8.141,51.507,4.78,
8.2249,-35.9,4.78,
9.7367,-27.769,4.78,
10.3289,19.471,4.78,
12.3751,25.846,4.78,
13.2934,5.47,4.78,
14.3452,-45.187,4.78,
14.3849,-27.754,4.78,
17.5236,-23.963,4.78,
17.8364,-40.09,4.78,
18.7575,-64.871,4.78,
22.3554,28.331,4.78,
22.4643,4.696,4.78,
0.2434,20.207,4.79,
1.9655,23.596,4.79,
4.8772,36.703,4.79,
8.3755,-48.49,4.79,
9.3491,-62.405,4.79,
13.2542,-67.895,4.79,
15.8539,35.657,4.79,
16.5035,-25.115,4.79,
17.8196,-31.703,4.79,
18.0044,4.369,4.79,
20.2544,25.592,4.79,
22.1634,72.341,4.79,
22.2603,-41.347,4.79,
0.7011,50.513,4.8,
0.8845,61.124,4.8,
3.2639,-8.82,4.8,Zibal
4.3592,46.499,4.8,
4.4016,17.444,4.8,
5.024,-7.174,4.8,
6.6555,42.489,4.8,
9.1732,67.134,4.8,
9.2698,54.022,4.8,
9.3414,-9.556,4.8,
10.7353,-63.961,4.8,
12.5809,22.629,4.8,
13.1196,27.625,4.8,
14.1475,77.548,4.8,
14.3,35.51,4.8,
14.7237,26.528,4.8,
15.0351,25.008,4.8,
16.305,-28.614,4.8,
17.2888,33.1,4.8,
20.2217,46.816,4.8,
20.8874,44.387,4.8,
21.346,-40.809,4.8,
22.4213,1.377,4.8,
22.6959,29.308,4.8,
11.3031,31.529,4.8,Alula Australis B
5.1617,15.597,4.81,
5.2293,-67.185,4.81,
5.2914,-34.895,4.81,
5.9666,25.954,4.81,
8.0055,-63.567,4.81,
9.5844,39.621,4.81,
11.4102,-10.859,4.81,
14.47,-2.228,4.81,Elgafar
18.4225,-20.542,4.81,
20.642,21.201,4.81,
20.8156,46.114,4.81,
1.9528,-47.385,4.82,
5.2238,38.484,4.82,
6.6546,-14.146,4.82,
6.8925,-20.224,4.82,
7.5633,-14.524,4.82,
10.3721,-41.65,4.82,
10.5105,55.981,4.82,
12.4422,-51.451,4.82,
13.6243,36.295,4.82,
14.1733,25.092,4.82,
16.0382,22.804,4.82,
16.3679,1.029,4.82,
16.8206,45.983,4.82,
17.0177,-4.223,4.82,
18.4331,65.563,4.82,Fafnir
18.9066,71.297,4.82,
21.0734,-19.855,4.82,
22.3586,12.205,4.82,
22.5108,-10.678,4.82,
23.2957,49.015,4.82,
23.6961,-17.817,4.82,
0.9167,58.973,4.83,
1.4609,45.407,4.83,
2.6594,-11.872,4.83,
2.759,-67.617,4.83,
7.1475,-39.656,4.83,
7.2769,-23.316,4.83,
8.3564,-33.054,4.83,
8.7071,-53.114,4.83,
13.0593,-49.527,4.83,
15.0632,47.654,4.83,
15.2138,-44.5,4.83,
16.4774,41.882,4.83,
17.0804,-34.123,4.83,
18.7679,26.662,4.83,
18.951,-5.846,4.83,
18.9787,-37.107,4.83,
1.5031,6.144,4.84,
2.2204,44.232,4.84,
2.2842,34.224,4.84,
3.3227,3.37,4.84,
4.2323,9.264,4.84,
5.6883,16.534,4.84,
7.6576,-38.308,4.84,
8.5888,-58.009,4.84,
11.0093,3.617,4.84,
11.7547,8.258,4.84,
14.3292,16.307,4.84,
16.5434,11.488,4.84,
16.682,64.589,4.84,
16.7549,56.782,4.84,
19.9826,-26.196,4.84,
22.725,-41.414,4.84,
22.7605,-53.5,4.84,
23.1102,59.42,4.84,
16.0728,-11.375,4.84,Graffias
3.199,74.394,4.85,
3.3122,34.223,4.85,
7.4976,-23.024,4.85,
10.149,-51.811,4.85,
13.2009,-37.803,4.85,
15.2941,-63.61,4.85,
17.9465,-44.342,4.85,
18.3478,3.377,4.85,
18.9744,-52.939,4.85,
0.4655,-33.007,4.86,
3.3061,-22.511,4.86,
6.7706,59.442,4.86,
8.6618,-29.561,4.86,
10.5849,75.713,4.86,
13.287,-66.783,4.86,
14.3896,8.447,4.86,
14.6941,8.162,4.86,
16.3683,30.892,4.86,
16.5681,-44.045,4.86,
16.6458,48.928,4.86,
17.5378,55.173,4.86,
17.7238,-21.683,4.86,
18.7387,-35.642,4.86,
18.9028,-22.745,4.86,Ainalrami
19.259,-25.257,4.86,
20.6265,-61.53,4.86,
22.0947,5.059,4.86,
1.3723,45.529,4.87,Adhil
2.5979,5.593,4.87,
3.2484,21.044,4.87,
4.2399,-10.256,4.87,
7.2204,-45.183,4.87,
8.6954,-15.943,4.87,
8.9254,-27.682,4.87,
9.9034,-25.932,4.87,
10.6205,-27.413,4.87,
10.7809,-64.383,4.87,
19.7727,-19.761,4.87,
21.5796,38.534,4.87,
2.4325,-12.29,4.88,
5.4606,21.937,4.88,
5.8169,24.568,4.88,
5.8852,-33.801,4.88,
7.3112,-24.559,4.88,
11.9938,-78.222,4.88,
12.6981,10.236,4.88,
13.0046,30.785,4.88,
16.9337,65.135,4.88,
17.9633,-41.716,4.88,
18.7253,-8.275,4.88,
19.2939,-18.953,4.88,
19.5869,-48.099,4.88,
23.7843,58.652,4.88,
23.9779,-3.556,4.88,
23.9835,55.755,4.88,
0.1877,-15.468,4.89,
4.8318,37.488,4.89,
5.4125,1.846,4.89,
5.8258,12.651,4.89,
7.6528,34.584,4.89,Jishui
7.7687,18.51,4.89,
10.5228,-53.715,4.89,
10.6259,-13.385,4.89,
11.7754,-40.5,4.89,
11.8642,-65.206,4.89,
12.8883,21.245,4.89,
14.3039,-81.008,4.89,
17.0896,12.741,4.89,
17.5363,55.184,4.89,
19.7379,37.354,4.89,
20.8328,-33.78,4.89,
22.6544,39.05,4.89,
23.5005,58.549,4.89,
0.8139,50.968,4.9,
1.427,-14.599,4.9,
5.708,1.475,4.9,
6.9603,45.094,4.9,
12.8448,-33.999,4.9,
13.2376,-59.103,4.9,
16.0567,-38.603,4.9,
16.0907,-19.802,4.9,Acrab B
16.4744,-70.084,4.9,
19.8511,22.61,4.9,
20.8247,-46.227,4.9,
2.7041,40.194,4.91,
4.5313,-0.044,4.91,
5.0238,-20.052,4.91,
5.1242,18.645,4.91,
6.3332,-2.944,4.91,
7.1705,-4.237,4.91,
7.1943,39.321,4.91,
10.643,-16.877,4.91,
12.6991,-59.686,4.91,
13.5799,37.182,4.91,
15.0162,-8.519,4.91,
15.2437,-31.519,4.91,
16.6929,-17.742,4.91,
17.0889,54.47,4.91,
19.9272,52.439,4.91,
20.4942,-2.886,4.91,
20.6121,-2.55,4.91,
22.55,-61.982,4.91,
22.9205,8.816,4.91,
1.9445,-22.527,4.92,
6.0307,-10.598,4.92,
6.0831,-16.484,4.92,
6.415,49.288,4.92,
7.0649,-49.584,4.92,
7.5179,82.411,4.92,
9.2602,-38.57,4.92,
11.0889,-27.294,4.92,
12.44,27.268,4.92,
13.5689,3.659,4.92,
13.8286,21.264,4.92,
14.7498,-35.192,4.92,
15.4033,-10.322,4.92,
18.1139,-43.425,4.92,
18.3383,21.961,4.92,
18.5293,-45.915,4.92,
18.8871,50.708,4.92,
20.7479,25.271,4.92,
4.1807,-41.994,4.93,
4.2877,20.579,4.93,
4.3402,34.567,4.93,
4.9876,37.89,4.93,
7.5944,-52.534,4.93,
7.7168,58.71,4.93,
7.9956,-3.68,4.93,
8.9496,-59.229,4.93,
9.704,-23.916,4.93,
11.5379,-29.261,4.93,
11.6816,-62.09,4.93,
12.2724,23.945,4.93,
12.8616,27.541,4.93,
13.0121,56.366,4.93,
14.1807,-16.302,4.93,
14.8503,-2.299,4.93,
15.1217,24.869,4.93,
16.2,-10.064,4.93,
19.6148,-7.027,4.93,
20.1231,-52.881,4.93,
20.1571,36.84,4.93,
20.2422,36.806,4.93,
20.7863,34.374,4.93,
23.2808,-7.727,4.93,
23.7332,29.361,4.93,
2.2062,30.303,4.94,
2.9844,35.183,4.94,
6.9378,-48.721,4.94,
7.3704,-19.017,4.94,
8.0586,27.794,4.94,
8.8299,-45.308,4.94,
9.9145,-19.009,4.94,Felis
10.4022,65.566,4.94,
10.5172,-73.221,4.94,
13.1509,-23.118,4.94,
13.2286,40.153,4.94,
16.4664,68.768,4.94,
19.0002,32.146,4.94,
20.2379,15.198,4.94,
20.501,48.952,4.94,
22.1691,-32.548,4.94,
0.7245,47.025,4.95,
1.3347,58.232,4.95,
3.9571,63.072,4.95,
5.6808,-1.129,4.95,
6.2009,16.13,4.95,
11.4656,2.856,4.95,
12.5789,70.022,4.95,
15.9698,-14.279,4.95,
16.2246,-54.63,4.95,
16.2918,75.755,4.95,
19.931,38.487,4.95,
20.0291,-59.376,4.95,
22.8672,43.312,4.95,
23.4489,1.256,4.95,
23.7732,3.487,4.95,
1.6763,40.577,4.96,
1.6964,42.613,4.96,
2.5641,-28.232,4.96,
3.3574,43.33,4.96,
4.474,16.36,4.96,
5.3213,22.096,4.96,
5.9141,55.707,4.96,
13.8312,-18.134,4.96,
15.9632,54.75,4.96,
16.0557,-25.865,4.96,
18.1005,22.219,4.96,
18.1954,-23.701,4.96,
18.1984,31.405,4.96,
23.414,62.283,4.96,
1.253,-45.532,4.97,
1.9333,68.685,4.97,
3.7063,33.965,4.97,
4.0217,-61.079,4.97,
4.3392,27.351,4.97,
5.925,-37.121,4.97,
7.8916,26.766,4.97,
10.3828,-66.901,4.97,
12.3392,3.313,4.97,
13.4738,13.779,4.97,
14.4696,-29.492,4.97,
15.6714,-23.818,4.97,
16.2836,-50.068,4.97,
17.0522,14.092,4.97,
23.5659,31.325,4.97,
23.6631,-14.222,4.97,
23.7672,46.42,4.97,
1.7121,-3.69,4.98,
2.157,25.94,4.98,
2.9799,-64.071,4.98,
5.1113,51.598,4.98,
5.5877,-5.387,4.98,
5.5897,-5.416,4.98,
7.6731,-15.264,4.98,
8.6671,-12.475,4.98,
11.0124,6.101,4.98,
11.8324,-70.226,4.98,
12.4498,26.826,4.98,
15.5297,40.899,4.98,
16.024,29.851,4.98,
18.3985,58.801,4.98,
18.9374,4.202,4.98,Alya B
19.3425,-5.416,4.98,
19.9321,58.846,4.98,
0.075,-10.51,4.99,
2.0384,54.488,4.99,
3.4675,49.063,4.99,
3.7041,-31.938,4.99,
3.9523,61.109,4.99,
4.6482,-12.123,4.99,
5.3806,3.544,4.99,
6.8461,41.781,4.99,
6.8479,-34.367,4.99,
7.0485,-4.239,4.99,
7.4275,9.276,4.99,
8.2222,-15.788,4.99,
9.0995,5.092,4.99,
9.1846,-44.868,4.99,
9.5324,11.3,4.99,
11.3804,43.483,4.99,
12.275,33.062,4.99,
13.6958,-54.559,4.99,
14.2044,2.409,4.99,
15.369,-47.928,4.99,
15.3867,30.288,4.99,
15.9917,-41.744,4.99,
18.2315,64.397,4.99,
19.4021,29.621,4.99,
20.0721,-32.056,4.99,
22.1405,-34.044,4.99,
22.9406,49.734,4.99,
23.316,-9.611,4.99,
4.0742,59.156,5.0,
5.4071,17.384,5.0,
6.1255,-37.253,5.0,Elkurud
6.2625,-13.718,5.0,
6.9352,-14.043,5.0,
7.3089,49.465,5.0,
9.6202,6.836,5.0,
11.3869,-36.165,5.0,
11.7253,-62.489,5.0,
15.5236,77.349,5.0,
16.1346,17.047,5.0,Marsic
17.9848,-30.253,5.0,
18.1246,43.462,5.0,
18.9186,-22.671,5.0,
19.024,46.935,5.0,
19.232,57.705,5.0,
19.5764,19.773,5.0,
19.7738,33.728,5.0,
23.9597,-64.298,5.0,
8.7449,-54.708,5.0,
16.0728,-11.375,5.0,
19.1068,-37.065,5.0,
